{
  "back_angle": {
    "measurements": 1321,
    "mean": 136.61429216951544,
    "std": 16.116918860151824,
    "min": 41.562344385730086,
    "max": 165.7941551970572,
    "median": 140.34823500363075,
    "recommended_threshold": 120.49737330936361
  },
  "hip_knee_depth_pixels": {
    "measurements": 1308,
    "mean": -104.92966360856269,
    "std": 161.56795639270297,
    "min": -640.0,
    "max": 214.0,
    "median": -68.0
  },
  "hip_knee_depth_ratio": {
    "measurements": 1308,
    "mean": -0.04031670091106014,
    "std": 0.05786608629956015,
    "min": -0.17135416666666667,
    "max": 0.11145833333333334,
    "median": -0.03307291666666667,
    "recommended_allowance": -0.09818278721062029
  }
}
